{"_id":{"$oid":"646f9aa6fb8c56d783bd8a26"},"locationID":"12a","submitterID":"Τάσος Φουσέκης","mainCategory":"Ηλεκτρολογικά","subCategory":"Φωτισμός","comments":"","date":"12-02-2022"}
{"_id":{"$oid":"646f9b3dfb8c56d783bd8a28"},"locationID":"01a","submitterID":"Kostaras66","mainCategory":"Άλλο","subCategory":"","comments":"Βρήκα Τσίχλες στη σκάλα","date":"12-02-2022"}
{"_id":{"$oid":"646f9c13fb8c56d783bd8a2c"},"locationID":"12a","submitterID":"msec008","mainCategory":"Υδραυλικά","subCategory":"Σπασμένη βρύση","comments":"Φαινόταν σαν να είχε γίνει με χτύπημα","date":"14-06-2022"}
{"_id":{"$oid":"646f9cf8fb8c56d783bd8a32"},"locationID":"12a","submitterID":"Γεώργιος Σθεναρός","mainCategory":"Άλλο","subCategory":"","comments":"Lorem ipsum dolor sit amet, consectetur adipiscing elit. Aenean consequat pharetra magna sit amet sodales. Proin nec augue vitae ipsum feugiat condimentum a sit amet sem. Nullam magna justo, lobortis in placerat ac, tristique a ligula. Proin vitae metus vitae diam sollicitudin dictum. Etiam congue purus tempus turpis tincidunt ultrices. Maecenas nisl ex, vestibulum non vulputate id, fermentum vitae augue. Pellentesque convallis tortor ut sodales malesuad","date":"22-11-2020"}
{"_id":{"$oid":"646fa043f58e93928ba00fbb"},"locationID":"13a","submitterID":"Μάκης Κοντογιαννίδης","mainCategory":"Ηλεκτρολογικά","subCategory":"Φωτισμός","comments":"","date":"15-02-2022"}
