{"_id":{"$oid":"646f9778fb8c56d783bd8a1d"},"name":"Γεώργιος","surname":"Καραμήτρος","userID":"s01a127"}
{"_id":{"$oid":"646f97fbfb8c56d783bd8a1f"},"name":"Ευστάθιος","surname":"Κρυοχέρης","userID":"s10a687"}
{"_id":{"$oid":"646f982ffb8c56d783bd8a21"},"name":"Κωνσταντίνος","surname":"Ντουλάπας","userID":"msec008"}
{"_id":{"$oid":"646f98befb8c56d783bd8a23"},"name":"Αριστείδης","surname":"Τιμοθέου","userID":"a035","accessKey":"ahR435@"}
